1,Рисовач,8
1,Словоблуд,8
1,Бредовуха,8
1,Мухи-врухи,100
2,Бомбкорп,4
2,Дуракцион,6
2,Звукварь,8
2,Смехлыст,8
3,Обмани меня,6
3,Смехлыст 2,8
3,Смертельная вечеринка,8
3,Нашшпионаж,8
3,Футболко,8
4,Монстр ищет монстра,7
4,Бредовуха 3,8
4,Выжить в интернете,8
4,Гражданский холст,8
4,Панччемпионат,16
5,Купол зипол,6
5,А голову ты не забыл?,8
5,Раздели комнату,8
5,Город злых рифм,8
5,Творим патенты,8
6,Смертельная вечеринка 2,8
6,Корабль смеха,8
6,Жми на кнопку,10
7,Смехлыст 3,8
7,Дьяволы в деталях,8
7,Гладиарторы,8
7,На пальцах,8
8,Колесо невероятных масштабов,8
8,Преступление и рисование,8
8,Рисовач-анимач,10
8,За работой,10
8,Подземнения,10